,datas,exames
0,2020-01-01 00:00:00,10
1,2020-01-02 00:00:00,18
2,2020-01-03 00:00:00,13
3,2020-01-04 00:00:00,43
4,2020-01-05 00:00:00,37
5,2020-01-06 00:00:00,14
6,2020-01-07 00:00:00,30
7,2020-01-08 00:00:00,26
8,2020-01-09 00:00:00,6
9,2020-01-10 00:00:00,7
10,2020-01-11 00:00:00,15
11,2020-01-12 00:00:00,9
12,2020-01-13 00:00:00,6
13,2020-01-13 03:00:00,1
14,2020-01-14 00:00:00,3
15,2020-01-15 00:00:00,10
16,2020-01-16 00:00:00,2
17,2020-01-17 00:00:00,2
18,2020-01-18 00:00:00,3
19,2020-01-19 00:00:00,4
20,2020-01-20 00:00:00,11
21,2020-01-22 00:00:00,4
22,2020-01-23 00:00:00,3
23,2020-01-24 00:00:00,2
24,2020-01-25 00:00:00,2
25,2020-01-26 00:00:00,3
26,2020-01-27 00:00:00,2
27,2020-01-28 00:00:00,1
28,2020-01-29 00:00:00,6
29,2020-01-30 00:00:00,10
30,2020-01-31 00:00:00,4
31,2020-02-01 00:00:00,6
32,2020-02-02 00:00:00,10
33,2020-02-03 00:00:00,12
34,2020-02-04 00:00:00,5
35,2020-02-05 00:00:00,6
36,2020-02-06 00:00:00,7
37,2020-02-07 00:00:00,7
38,2020-02-08 00:00:00,3
39,2020-02-09 00:00:00,5
40,2020-02-10 00:00:00,3
41,2020-02-11 00:00:00,3
42,2020-02-12 00:00:00,9
43,2020-02-13 00:00:00,4
44,2020-02-14 00:00:00,3
45,2020-02-15 00:00:00,10
46,2020-02-16 00:00:00,13
47,2020-02-17 00:00:00,7
48,2020-02-18 00:00:00,4
49,2020-02-19 00:00:00,6
50,2020-02-20 00:00:00,6
51,2020-02-21 00:00:00,4
52,2020-02-22 00:00:00,15
53,2020-02-23 00:00:00,3
54,2020-02-24 00:00:00,3
55,2020-02-25 00:00:00,7
56,2020-02-26 00:00:00,15
57,2020-02-27 00:00:00,11
58,2020-02-28 00:00:00,14
59,2020-02-29 00:00:00,2
60,2020-03-01 00:00:00,14
61,2020-03-02 00:00:00,24
62,2020-03-03 00:00:00,12
63,2020-03-04 00:00:00,7
64,2020-03-05 00:00:00,8
65,2020-03-06 00:00:00,14
66,2020-03-07 00:00:00,11
67,2020-03-08 00:00:00,10
68,2020-03-09 00:00:00,11
69,2020-03-10 00:00:00,9
70,2020-03-11 00:00:00,31
71,2020-03-12 00:00:00,32
72,2020-03-13 00:00:00,51
73,2020-03-14 00:00:00,99
74,2020-03-15 00:00:00,77
75,2020-03-16 00:00:00,269
76,2020-03-17 00:00:00,284
77,2020-03-18 00:00:00,541
78,2020-03-18 03:00:00,1
79,2020-03-18 06:00:00,1
80,2020-03-19 00:00:00,527
81,2020-03-20 00:00:00,658
82,2020-03-21 00:00:00,666
83,2020-03-21 03:00:00,1
84,2020-03-21 06:00:00,2
85,2020-03-22 00:00:00,650
86,2020-03-22 03:00:00,2
87,2020-03-22 06:00:00,2
88,2020-03-23 00:00:00,801
89,2020-03-23 03:00:00,1
90,2020-03-23 06:00:00,4
91,2020-03-24 00:00:00,928
92,2020-03-24 03:00:00,2
93,2020-03-24 06:00:00,7
94,2020-03-24 09:00:00,2
95,2020-03-24 12:00:00,1
96,2020-03-25 00:00:00,807
97,2020-03-25 03:00:00,1
98,2020-03-25 06:00:00,3
99,2020-03-26 00:00:00,844
100,2020-03-26 03:00:00,2
101,2020-03-26 06:00:00,4
102,2020-03-26 09:00:00,1
103,2020-03-26 12:00:00,1
104,2020-03-27 00:00:00,831
105,2020-03-27 03:00:00,3
106,2020-03-27 06:00:00,3
107,2020-03-27 15:00:00,1
108,2020-03-28 00:00:00,605
109,2020-03-28 03:00:00,2
110,2020-03-28 06:00:00,3
111,2020-03-29 00:00:00,527
112,2020-03-29 03:00:00,1
113,2020-03-29 06:00:00,7
114,2020-03-29 09:00:00,1
115,2020-03-29 21:00:00,1
116,2020-03-30 00:00:00,966
117,2020-03-30 03:00:00,7
118,2020-03-30 06:00:00,6
119,2020-03-31 00:00:00,719
120,2020-03-31 03:00:00,5
121,2020-03-31 06:00:00,3
122,2020-04-01 00:00:00,702
123,2020-04-01 03:00:00,6
124,2020-04-01 06:00:00,4
125,2020-04-01 09:00:00,1
126,2020-04-02 00:00:00,608
127,2020-04-02 03:00:00,3
128,2020-04-02 06:00:00,3
129,2020-04-02 09:00:00,1
130,2020-04-03 00:00:00,640
131,2020-04-03 03:00:00,8
132,2020-04-03 06:00:00,4
133,2020-04-03 12:00:00,1
134,2020-04-03 18:00:00,1
135,2020-04-04 00:00:00,524
136,2020-04-04 03:00:00,6
137,2020-04-04 06:00:00,2
138,2020-04-04 12:00:00,2
139,2020-04-04 15:00:00,1
140,2020-04-05 00:00:00,390
141,2020-04-05 03:00:00,4
142,2020-04-05 06:00:00,2
143,2020-04-05 09:00:00,1
144,2020-04-05 21:00:00,1
145,2020-04-06 00:00:00,795
146,2020-04-06 03:00:00,5
147,2020-04-06 06:00:00,8
148,2020-04-06 09:00:00,1
149,2020-04-06 12:00:00,2
150,2020-04-07 00:00:00,839
151,2020-04-07 03:00:00,8
152,2020-04-07 06:00:00,3
153,2020-04-07 09:00:00,1
154,2020-04-08 00:00:00,873
155,2020-04-08 03:00:00,8
156,2020-04-08 06:00:00,3
157,2020-04-08 09:00:00,1
158,2020-04-08 12:00:00,1
159,2020-04-09 00:00:00,1013
160,2020-04-09 03:00:00,10
161,2020-04-09 06:00:00,3
162,2020-04-09 09:00:00,1
163,2020-04-10 00:00:00,649
164,2020-04-10 03:00:00,5
165,2020-04-10 06:00:00,6
166,2020-04-10 09:00:00,1
167,2020-04-11 00:00:00,769
168,2020-04-11 03:00:00,10
169,2020-04-11 06:00:00,6
170,2020-04-11 09:00:00,2
171,2020-04-11 12:00:00,1
172,2020-04-12 00:00:00,582
173,2020-04-12 03:00:00,7
174,2020-04-12 06:00:00,3
175,2020-04-12 09:00:00,3
176,2020-04-12 15:00:00,1
177,2020-04-13 00:00:00,1208
178,2020-04-13 03:00:00,9
179,2020-04-13 06:00:00,10
180,2020-04-13 09:00:00,3
181,2020-04-13 12:00:00,1
182,2020-04-13 18:00:00,1
183,2020-04-14 00:00:00,1335
184,2020-04-14 03:00:00,13
185,2020-04-14 06:00:00,6
186,2020-04-14 09:00:00,7
187,2020-04-15 00:00:00,1347
188,2020-04-15 03:00:00,18
189,2020-04-15 06:00:00,6
190,2020-04-15 09:00:00,2
191,2020-04-15 12:00:00,3
192,2020-04-16 00:00:00,1392
193,2020-04-16 03:00:00,9
194,2020-04-16 06:00:00,7
195,2020-04-16 15:00:00,2
196,2020-04-17 00:00:00,1508
197,2020-04-17 03:00:00,8
198,2020-04-17 06:00:00,6
199,2020-04-17 09:00:00,2
200,2020-04-17 12:00:00,2
201,2020-04-17 15:00:00,3
202,2020-04-18 00:00:00,969
203,2020-04-18 03:00:00,13
204,2020-04-18 06:00:00,8
205,2020-04-18 09:00:00,4
206,2020-04-18 12:00:00,2
207,2020-04-18 18:00:00,2
208,2020-04-19 00:00:00,689
209,2020-04-19 03:00:00,11
210,2020-04-19 06:00:00,6
211,2020-04-19 15:00:00,1
212,2020-04-19 18:00:00,1
213,2020-04-19 21:00:00,1
214,2020-04-20 00:00:00,1965
215,2020-04-20 03:00:00,19
216,2020-04-20 06:00:00,12
217,2020-04-20 15:00:00,1
218,2020-04-21 00:00:00,1121
219,2020-04-21 03:00:00,17
220,2020-04-21 06:00:00,4
221,2020-04-21 09:00:00,1
222,2020-04-21 12:00:00,1
223,2020-04-21 15:00:00,1
224,2020-04-22 00:00:00,2001
225,2020-04-22 03:00:00,17
226,2020-04-22 06:00:00,6
227,2020-04-22 09:00:00,2
228,2020-04-22 15:00:00,2
229,2020-04-23 00:00:00,2282
230,2020-04-23 03:00:00,20
231,2020-04-23 06:00:00,16
232,2020-04-23 09:00:00,4
233,2020-04-23 15:00:00,1
234,2020-04-24 00:00:00,2243
235,2020-04-24 03:00:00,24
236,2020-04-24 06:00:00,13
237,2020-04-24 09:00:00,3
238,2020-04-24 12:00:00,5
239,2020-04-25 00:00:00,1471
240,2020-04-25 03:00:00,20
241,2020-04-25 06:00:00,11
242,2020-04-25 09:00:00,9
243,2020-04-25 12:00:00,1
244,2020-04-26 00:00:00,1094
245,2020-04-26 03:00:00,25
246,2020-04-26 06:00:00,13
247,2020-04-26 09:00:00,4
248,2020-04-26 12:00:00,1
249,2020-04-26 15:00:00,1
250,2020-04-26 21:00:00,1
251,2020-04-27 00:00:00,2421
252,2020-04-27 03:00:00,22
253,2020-04-27 06:00:00,22
254,2020-04-27 09:00:00,11
255,2020-04-27 12:00:00,1
256,2020-04-27 15:00:00,1
257,2020-04-28 00:00:00,7584
258,2020-04-28 03:00:00,39
259,2020-04-28 06:00:00,23
260,2020-04-28 09:00:00,15
261,2020-04-28 12:00:00,1
262,2020-04-28 15:00:00,1
263,2020-04-28 18:00:00,2
264,2020-04-29 00:00:00,2510
265,2020-04-29 03:00:00,36
266,2020-04-29 06:00:00,21
267,2020-04-29 09:00:00,6
268,2020-04-29 12:00:00,3
269,2020-04-30 00:00:00,3333
270,2020-04-30 03:00:00,31
271,2020-04-30 06:00:00,33
272,2020-04-30 09:00:00,8
273,2020-04-30 12:00:00,2
274,2020-04-30 15:00:00,1
275,2020-05-01 00:00:00,2803
276,2020-05-01 03:00:00,48
277,2020-05-01 06:00:00,23
278,2020-05-01 09:00:00,8
279,2020-05-01 12:00:00,1
280,2020-05-01 15:00:00,3
281,2020-05-02 00:00:00,1994
282,2020-05-02 03:00:00,30
283,2020-05-02 06:00:00,17
284,2020-05-02 09:00:00,5
285,2020-05-02 12:00:00,5
286,2020-05-02 18:00:00,1
287,2020-05-03 00:00:00,1332
288,2020-05-03 03:00:00,40
289,2020-05-03 06:00:00,18
290,2020-05-03 09:00:00,9
291,2020-05-03 12:00:00,4
292,2020-05-04 00:00:00,4019
293,2020-05-04 03:00:00,36
294,2020-05-04 06:00:00,24
295,2020-05-04 09:00:00,10
296,2020-05-04 12:00:00,10
297,2020-05-04 15:00:00,3
298,2020-05-04 21:00:00,2
299,2020-05-05 00:00:00,4001
300,2020-05-05 03:00:00,37
301,2020-05-05 06:00:00,48
302,2020-05-05 09:00:00,15
303,2020-05-05 12:00:00,2
304,2020-05-05 18:00:00,1
305,2020-05-06 00:00:00,3751
306,2020-05-06 03:00:00,42
307,2020-05-06 06:00:00,36
308,2020-05-06 09:00:00,10
309,2020-05-06 12:00:00,14
310,2020-05-07 00:00:00,3768
311,2020-05-07 03:00:00,34
312,2020-05-07 06:00:00,28
313,2020-05-07 09:00:00,24
314,2020-05-07 12:00:00,7
315,2020-05-07 15:00:00,6
316,2020-05-07 18:00:00,1
317,2020-05-08 00:00:00,4040
318,2020-05-08 03:00:00,37
319,2020-05-08 06:00:00,34
320,2020-05-08 09:00:00,28
321,2020-05-08 12:00:00,9
322,2020-05-08 15:00:00,4
323,2020-05-08 21:00:00,1
324,2020-05-09 00:00:00,2138
325,2020-05-09 03:00:00,53
326,2020-05-09 06:00:00,50
327,2020-05-09 09:00:00,18
328,2020-05-09 12:00:00,10
329,2020-05-09 15:00:00,1
330,2020-05-09 18:00:00,2
331,2020-05-09 21:00:00,1
332,2020-05-10 00:00:00,1313
333,2020-05-10 03:00:00,36
334,2020-05-10 06:00:00,33
335,2020-05-10 09:00:00,20
336,2020-05-10 12:00:00,10
337,2020-05-10 15:00:00,3
338,2020-05-10 18:00:00,1
339,2020-05-10 21:00:00,1
340,2020-05-11 00:00:00,4761
341,2020-05-11 03:00:00,43
342,2020-05-11 06:00:00,57
343,2020-05-11 09:00:00,29
344,2020-05-11 12:00:00,11
345,2020-05-11 15:00:00,3
346,2020-05-11 18:00:00,5
347,2020-05-12 00:00:00,4992
348,2020-05-12 03:00:00,36
349,2020-05-12 06:00:00,49
350,2020-05-12 09:00:00,17
351,2020-05-12 12:00:00,14
352,2020-05-12 15:00:00,3
353,2020-05-12 18:00:00,3
354,2020-05-12 21:00:00,2
355,2020-05-13 00:00:00,5136
356,2020-05-13 03:00:00,46
357,2020-05-13 06:00:00,58
358,2020-05-13 09:00:00,33
359,2020-05-13 12:00:00,14
360,2020-05-13 15:00:00,8
361,2020-05-13 18:00:00,2
362,2020-05-14 00:00:00,5709
363,2020-05-14 03:00:00,38
364,2020-05-14 06:00:00,37
365,2020-05-14 09:00:00,28
366,2020-05-14 12:00:00,6
367,2020-05-14 15:00:00,5
368,2020-05-14 18:00:00,3
369,2020-05-14 21:00:00,4
370,2020-05-15 00:00:00,5512
371,2020-05-15 03:00:00,36
372,2020-05-15 06:00:00,41
373,2020-05-15 09:00:00,20
374,2020-05-15 12:00:00,13
375,2020-05-15 15:00:00,3
376,2020-05-15 18:00:00,4
377,2020-05-16 00:00:00,2290
378,2020-05-16 03:00:00,18
379,2020-05-16 06:00:00,42
380,2020-05-16 09:00:00,20
381,2020-05-16 12:00:00,9
382,2020-05-16 15:00:00,3
383,2020-05-16 18:00:00,1
384,2020-05-16 21:00:00,1
385,2020-05-17 00:00:00,1936
386,2020-05-17 03:00:00,29
387,2020-05-17 06:00:00,44
388,2020-05-17 09:00:00,17
389,2020-05-17 12:00:00,10
390,2020-05-17 15:00:00,6
391,2020-05-17 18:00:00,2
392,2020-05-17 21:00:00,1
393,2020-05-18 00:00:00,6471
394,2020-05-18 03:00:00,46
395,2020-05-18 06:00:00,42
396,2020-05-18 09:00:00,25
397,2020-05-18 12:00:00,8
398,2020-05-18 15:00:00,4
399,2020-05-18 21:00:00,1
400,2020-05-19 00:00:00,5686
401,2020-05-19 03:00:00,41
402,2020-05-19 06:00:00,44
403,2020-05-19 09:00:00,20
404,2020-05-19 12:00:00,9
405,2020-05-19 15:00:00,8
406,2020-05-19 18:00:00,3
407,2020-05-20 00:00:00,6298
408,2020-05-20 03:00:00,35
409,2020-05-20 06:00:00,40
410,2020-05-20 09:00:00,23
411,2020-05-20 12:00:00,17
412,2020-05-20 15:00:00,3
413,2020-05-20 18:00:00,2
414,2020-05-21 00:00:00,5751
415,2020-05-21 03:00:00,28
416,2020-05-21 06:00:00,50
417,2020-05-21 09:00:00,21
418,2020-05-21 12:00:00,10
419,2020-05-21 15:00:00,7
420,2020-05-21 18:00:00,3
421,2020-05-22 00:00:00,6317
422,2020-05-22 03:00:00,32
423,2020-05-22 06:00:00,34
424,2020-05-22 09:00:00,23
425,2020-05-22 12:00:00,4
426,2020-05-22 15:00:00,6
427,2020-05-22 18:00:00,1
428,2020-05-23 00:00:00,2340
429,2020-05-23 03:00:00,29
430,2020-05-23 06:00:00,27
431,2020-05-23 09:00:00,12
432,2020-05-23 12:00:00,2
433,2020-05-23 15:00:00,3
434,2020-05-23 18:00:00,3
435,2020-05-23 21:00:00,1
436,2020-05-24 00:00:00,1249
437,2020-05-24 03:00:00,20
438,2020-05-24 06:00:00,32
439,2020-05-24 09:00:00,12
440,2020-05-24 12:00:00,7
441,2020-05-24 15:00:00,3
442,2020-05-25 00:00:00,7134
443,2020-05-25 03:00:00,22
444,2020-05-25 06:00:00,39
445,2020-05-25 09:00:00,15
446,2020-05-25 12:00:00,5
447,2020-05-25 15:00:00,2
448,2020-05-25 18:00:00,2
449,2020-05-25 21:00:00,1
450,2020-05-26 00:00:00,5973
451,2020-05-26 03:00:00,38
452,2020-05-26 06:00:00,43
453,2020-05-26 09:00:00,15
454,2020-05-26 12:00:00,10
455,2020-05-26 15:00:00,1
456,2020-05-26 18:00:00,3
457,2020-05-27 00:00:00,5784
458,2020-05-27 03:00:00,24
459,2020-05-27 06:00:00,28
460,2020-05-27 09:00:00,21
461,2020-05-27 12:00:00,4
462,2020-05-27 15:00:00,1
463,2020-05-27 18:00:00,1
464,2020-05-28 00:00:00,6445
465,2020-05-28 03:00:00,33
466,2020-05-28 06:00:00,25
467,2020-05-28 09:00:00,7
468,2020-05-28 12:00:00,5
469,2020-05-28 15:00:00,2
470,2020-05-28 18:00:00,1
471,2020-05-29 00:00:00,6831
472,2020-05-29 03:00:00,28
473,2020-05-29 06:00:00,24
474,2020-05-29 09:00:00,12
475,2020-05-29 12:00:00,4
476,2020-05-29 15:00:00,3
477,2020-05-29 18:00:00,2
478,2020-05-30 00:00:00,2760
479,2020-05-30 03:00:00,12
480,2020-05-30 06:00:00,15
481,2020-05-30 09:00:00,9
482,2020-05-30 12:00:00,4
483,2020-05-30 15:00:00,2
484,2020-05-30 18:00:00,2
485,2020-05-31 00:00:00,1472
486,2020-05-31 03:00:00,16
487,2020-05-31 06:00:00,16
488,2020-05-31 09:00:00,6
489,2020-05-31 15:00:00,2
490,2020-06-01 00:00:00,7504
491,2020-06-01 03:00:00,23
492,2020-06-01 06:00:00,26
493,2020-06-01 09:00:00,12
494,2020-06-01 12:00:00,6
495,2020-06-01 15:00:00,4
496,2020-06-01 18:00:00,2
497,2020-06-02 00:00:00,7139
498,2020-06-02 03:00:00,21
499,2020-06-02 06:00:00,25
500,2020-06-02 09:00:00,5
501,2020-06-02 12:00:00,4
502,2020-06-02 15:00:00,1
503,2020-06-02 18:00:00,1
504,2020-06-02 21:00:00,2
505,2020-06-03 00:00:00,7142
506,2020-06-03 03:00:00,23
507,2020-06-03 06:00:00,22
508,2020-06-03 09:00:00,7
509,2020-06-03 12:00:00,1
510,2020-06-03 15:00:00,2
511,2020-06-04 00:00:00,7443
512,2020-06-04 03:00:00,21
513,2020-06-04 06:00:00,24
514,2020-06-04 09:00:00,15
515,2020-06-04 12:00:00,3
516,2020-06-04 15:00:00,1
517,2020-06-04 18:00:00,2
518,2020-06-05 00:00:00,7520
519,2020-06-05 03:00:00,25
520,2020-06-05 06:00:00,17
521,2020-06-05 09:00:00,13
522,2020-06-05 12:00:00,7
523,2020-06-05 15:00:00,1
524,2020-06-05 21:00:00,1
525,2020-06-06 00:00:00,2999
526,2020-06-06 03:00:00,14
527,2020-06-06 06:00:00,16
528,2020-06-06 09:00:00,9
529,2020-06-06 12:00:00,2
530,2020-06-06 15:00:00,1
531,2020-06-06 18:00:00,1
532,2020-06-07 00:00:00,1168
533,2020-06-07 03:00:00,15
534,2020-06-07 06:00:00,13
535,2020-06-07 09:00:00,7
536,2020-06-07 12:00:00,3
537,2020-06-07 15:00:00,1
538,2020-06-07 18:00:00,1
539,2020-06-08 00:00:00,8268
540,2020-06-08 03:00:00,24
541,2020-06-08 06:00:00,17
542,2020-06-08 09:00:00,11
543,2020-06-08 12:00:00,6
544,2020-06-08 15:00:00,3
545,2020-06-08 18:00:00,3
546,2020-06-09 00:00:00,7904
547,2020-06-09 03:00:00,28
548,2020-06-09 06:00:00,19
549,2020-06-09 09:00:00,10
550,2020-06-09 12:00:00,4
551,2020-06-09 15:00:00,1
552,2020-06-09 18:00:00,2
553,2020-06-09 21:00:00,1
554,2020-06-10 00:00:00,9013
555,2020-06-10 03:00:00,22
556,2020-06-10 06:00:00,21
557,2020-06-10 09:00:00,6
558,2020-06-10 12:00:00,3
559,2020-06-10 15:00:00,1
560,2020-06-10 17:52:29,1
561,2020-06-10 17:54:05,1
562,2020-06-10 17:54:43,1
563,2020-06-10 18:00:00,1
564,2020-06-10 19:11:45,1
565,2020-06-10 19:56:51,1
566,2020-06-10 19:57:04,1
567,2020-06-10 19:58:21,1
568,2020-06-10 19:58:36,1
569,2020-06-10 20:03:29,1
570,2020-06-10 20:04:10,1
571,2020-06-10 20:05:12,1
572,2020-06-10 20:05:43,1
573,2020-06-10 21:00:00,1
574,2020-06-11 00:00:00,4644
575,2020-06-11 03:00:00,12
576,2020-06-11 06:00:00,20
577,2020-06-11 09:00:00,5
578,2020-06-11 12:00:00,3
579,2020-06-11 15:00:00,3
580,2020-06-11 18:00:00,2
581,2020-06-12 00:00:00,5963
582,2020-06-12 03:00:00,24
583,2020-06-12 06:00:00,18
584,2020-06-12 09:00:00,7
585,2020-06-12 12:00:00,2
586,2020-06-12 18:00:00,1
587,2020-06-13 00:00:00,2720
588,2020-06-13 03:00:00,15
589,2020-06-13 06:00:00,19
590,2020-06-13 09:00:00,6
591,2020-06-13 12:00:00,4
592,2020-06-13 15:00:00,1
593,2020-06-13 21:00:00,1
594,2020-06-14 00:00:00,1265
595,2020-06-14 03:00:00,17
596,2020-06-14 06:00:00,13
597,2020-06-14 09:00:00,8
598,2020-06-14 12:00:00,1
599,2020-06-14 15:00:00,1
600,2020-06-15 00:00:00,9477
601,2020-06-15 03:00:00,19
602,2020-06-15 06:00:00,17
603,2020-06-15 09:00:00,7
604,2020-06-15 15:00:00,1
605,2020-06-16 00:00:00,8737
606,2020-06-16 03:00:00,19
607,2020-06-16 06:00:00,28
608,2020-06-16 09:00:00,12
609,2020-06-16 15:00:00,2
610,2020-06-16 18:00:00,1
611,2020-06-17 00:00:00,8678
612,2020-06-17 03:00:00,24
613,2020-06-17 06:00:00,12
614,2020-06-17 09:00:00,5
615,2020-06-17 12:00:00,1
616,2020-06-17 15:00:00,3
617,2020-06-17 18:00:00,1
618,2020-06-18 00:00:00,8993
619,2020-06-18 03:00:00,17
620,2020-06-18 06:00:00,15
621,2020-06-18 09:00:00,9
622,2020-06-18 12:00:00,1
623,2020-06-18 15:00:00,1
624,2020-06-18 18:00:00,1
625,2020-06-19 00:00:00,8807
626,2020-06-19 03:00:00,20
627,2020-06-19 06:00:00,18
628,2020-06-19 09:00:00,3
629,2020-06-19 12:00:00,2
630,2020-06-19 18:00:00,1
631,2020-06-19 21:00:00,1
632,2020-06-20 00:00:00,3814
633,2020-06-20 03:00:00,14
634,2020-06-20 06:00:00,9
635,2020-06-20 09:00:00,3
636,2020-06-20 12:00:00,3
637,2020-06-20 18:00:00,1
638,2020-06-20 21:00:00,1
639,2020-06-21 00:00:00,1343
640,2020-06-21 03:00:00,16
641,2020-06-21 06:00:00,12
642,2020-06-21 09:00:00,4
643,2020-06-21 12:00:00,1
644,2020-06-21 15:00:00,1
645,2020-06-21 18:00:00,1
646,2020-06-22 00:00:00,9885
647,2020-06-22 03:00:00,27
648,2020-06-22 06:00:00,15
649,2020-06-22 09:00:00,6
650,2020-06-23 00:00:00,8268
651,2020-06-23 03:00:00,16
652,2020-06-23 06:00:00,10
653,2020-06-23 12:00:00,4
654,2020-06-23 15:00:00,1
655,2020-06-24 00:00:00,7750
656,2020-06-24 03:00:00,12
657,2020-06-24 06:00:00,15
658,2020-06-24 09:00:00,1
659,2020-06-24 12:00:00,2
660,2020-06-25 00:00:00,9131
661,2020-06-25 03:00:00,17
662,2020-06-25 06:00:00,19
663,2020-06-25 09:00:00,5
664,2020-06-25 12:00:00,3
665,2020-06-25 15:00:00,1
666,2020-06-25 18:00:00,1
667,2020-06-26 00:00:00,9704
668,2020-06-26 03:00:00,21
669,2020-06-26 06:00:00,12
670,2020-06-26 09:00:00,6
671,2020-06-26 12:00:00,4
672,2020-06-27 00:00:00,3236
673,2020-06-27 03:00:00,14
674,2020-06-27 06:00:00,11
675,2020-06-27 09:00:00,1
676,2020-06-27 12:00:00,2
677,2020-06-27 15:00:00,1
678,2020-06-27 18:00:00,1
679,2020-06-28 00:00:00,1391
680,2020-06-28 03:00:00,16
681,2020-06-28 06:00:00,8
682,2020-06-28 09:00:00,3
683,2020-06-28 12:00:00,1
684,2020-06-28 15:00:00,1
685,2020-06-29 00:00:00,9009
686,2020-06-29 03:00:00,24
687,2020-06-29 06:00:00,9
688,2020-06-29 09:00:00,3
689,2020-06-29 12:00:00,1
690,2020-06-29 15:00:00,2
691,2020-06-29 20:23:52,1
692,2020-06-29 20:24:42,1
693,2020-06-30 00:00:00,9543
694,2020-06-30 03:00:00,13
695,2020-06-30 06:00:00,8
696,2020-06-30 09:00:00,3
697,2020-06-30 12:00:00,1
698,2020-07-01 00:00:00,8697
699,2020-07-01 03:00:00,24
700,2020-07-01 06:00:00,8
701,2020-07-01 09:00:00,3
702,2020-07-01 12:00:00,3
703,2020-07-01 15:00:00,1
704,2020-07-01 15:54:19,1
705,2020-07-02 00:00:00,9152
706,2020-07-02 03:00:00,20
707,2020-07-02 06:00:00,9
708,2020-07-02 09:00:00,3
709,2020-07-02 12:00:00,1
710,2020-07-03 00:00:00,8336
711,2020-07-03 03:00:00,13
712,2020-07-03 06:00:00,12
713,2020-07-03 09:00:00,4
714,2020-07-03 12:00:00,1
715,2020-07-03 15:00:00,1
716,2020-07-03 21:00:00,1
717,2020-07-04 00:00:00,2959
718,2020-07-04 03:00:00,18
719,2020-07-04 06:00:00,8
720,2020-07-04 09:00:00,4
721,2020-07-05 00:00:00,1330
722,2020-07-05 03:00:00,16
723,2020-07-05 06:00:00,9
724,2020-07-05 09:00:00,5
725,2020-07-05 12:00:00,2
726,2020-07-05 15:00:00,1
727,2020-07-06 00:00:00,9099
728,2020-07-06 03:00:00,18
729,2020-07-06 06:00:00,12
730,2020-07-06 09:00:00,7
731,2020-07-06 12:00:00,2
732,2020-07-07 00:00:00,8527
733,2020-07-07 03:00:00,17
734,2020-07-07 06:00:00,8
735,2020-07-07 09:00:00,4
736,2020-07-07 12:00:00,1
737,2020-07-08 00:00:00,8546
738,2020-07-08 03:00:00,19
739,2020-07-08 06:00:00,14
740,2020-07-08 09:00:00,4
741,2020-07-08 12:00:00,2
742,2020-07-08 15:00:00,1
743,2020-07-09 00:00:00,9033
744,2020-07-09 03:00:00,9
745,2020-07-09 06:00:00,8
746,2020-07-09 09:00:00,4
747,2020-07-10 00:00:00,9462
748,2020-07-10 03:00:00,16
749,2020-07-10 06:00:00,7
750,2020-07-10 09:00:00,1
751,2020-07-10 12:00:00,1
752,2020-07-11 00:00:00,2563
753,2020-07-11 03:00:00,10
754,2020-07-11 06:00:00,6
755,2020-07-11 09:00:00,2
756,2020-07-11 12:00:00,1
757,2020-07-12 00:00:00,1275
758,2020-07-12 03:00:00,11
759,2020-07-12 06:00:00,5
760,2020-07-12 09:00:00,2
761,2020-07-12 12:00:00,1
762,2020-07-13 00:00:00,9779
763,2020-07-13 03:00:00,7
764,2020-07-13 06:00:00,10
765,2020-07-13 09:00:00,2
766,2020-07-13 15:00:00,1
767,2020-07-14 00:00:00,8694
768,2020-07-14 03:00:00,11
769,2020-07-14 06:00:00,6
770,2020-07-14 09:00:00,2
771,2020-07-14 12:00:00,1
772,2020-07-15 00:00:00,9082
773,2020-07-15 03:00:00,27
774,2020-07-15 06:00:00,7
775,2020-07-15 09:00:00,3
776,2020-07-15 12:00:00,1
777,2020-07-16 00:00:00,8379
778,2020-07-16 03:00:00,11
779,2020-07-16 06:00:00,14
780,2020-07-16 09:00:00,7
781,2020-07-17 00:00:00,8881
782,2020-07-17 03:00:00,14
783,2020-07-17 06:00:00,14
784,2020-07-17 09:00:00,3
785,2020-07-17 12:00:00,1
786,2020-07-18 00:00:00,2429
787,2020-07-18 03:00:00,6
788,2020-07-18 06:00:00,3
789,2020-07-18 09:00:00,3
790,2020-07-18 15:00:00,1
791,2020-07-19 00:00:00,1140
792,2020-07-19 03:00:00,7
793,2020-07-19 06:00:00,8
794,2020-07-19 09:00:00,2
795,2020-07-20 00:00:00,9951
796,2020-07-20 03:00:00,20
797,2020-07-20 06:00:00,6
798,2020-07-20 09:00:00,1
799,2020-07-20 12:00:00,2
800,2020-07-21 00:00:00,8306
801,2020-07-21 03:00:00,18
802,2020-07-21 06:00:00,8
803,2020-07-21 09:00:00,1
804,2020-07-21 12:00:00,1
805,2020-07-22 00:00:00,7113
806,2020-07-22 03:00:00,13
807,2020-07-22 06:00:00,7
808,2020-07-22 09:00:00,4
809,2020-07-22 12:00:00,1
810,2020-07-23 00:00:00,7322
811,2020-07-23 03:00:00,14
812,2020-07-23 06:00:00,5
813,2020-07-23 09:00:00,3
814,2020-07-23 12:00:00,1
815,2020-07-24 00:00:00,7935
816,2020-07-24 03:00:00,6
817,2020-07-24 06:00:00,6
818,2020-07-24 09:00:00,1
819,2020-07-24 12:00:00,1
820,2020-07-24 15:00:00,1
821,2020-07-25 00:00:00,2378
822,2020-07-25 03:00:00,7
823,2020-07-25 06:00:00,5
824,2020-07-25 12:00:00,2
825,2020-07-26 00:00:00,1114
826,2020-07-26 03:00:00,8
827,2020-07-26 06:00:00,8
828,2020-07-26 09:00:00,5
829,2020-07-26 12:00:00,2
830,2020-07-26 15:00:00,1
831,2020-07-27 00:00:00,8355
832,2020-07-27 03:00:00,16
833,2020-07-27 06:00:00,8
834,2020-07-27 09:00:00,3
835,2020-07-27 12:00:00,2
836,2020-07-28 00:00:00,6994
837,2020-07-28 03:00:00,14
838,2020-07-28 06:00:00,6
839,2020-07-28 09:00:00,1
840,2020-07-28 15:00:00,1
841,2020-07-29 00:00:00,7744
842,2020-07-29 03:00:00,21
843,2020-07-29 06:00:00,9
844,2020-07-29 09:00:00,1
845,2020-07-30 00:00:00,7824
846,2020-07-30 03:00:00,14
847,2020-07-30 06:00:00,6
848,2020-07-30 09:00:00,2
849,2020-07-31 00:00:00,7379
850,2020-07-31 03:00:00,19
851,2020-07-31 06:00:00,4
852,2020-07-31 09:00:00,1
853,2020-08-01 00:00:00,2351
854,2020-08-01 03:00:00,13
855,2020-08-01 06:00:00,4
856,2020-08-01 09:00:00,2
857,2020-08-02 00:00:00,1319
858,2020-08-02 03:00:00,7
859,2020-08-02 09:00:00,3
860,2020-08-03 00:00:00,8563
861,2020-08-03 03:00:00,19
862,2020-08-03 06:00:00,7
863,2020-08-03 09:00:00,3
864,2020-08-03 15:00:00,2
865,2020-08-04 00:00:00,8801
866,2020-08-04 03:00:00,9
867,2020-08-04 06:00:00,9
868,2020-08-04 09:00:00,2
869,2020-08-04 15:00:00,1
870,2020-08-05 00:00:00,8580
871,2020-08-05 03:00:00,20
872,2020-08-05 06:00:00,6
873,2020-08-05 09:00:00,1
874,2020-08-05 12:00:00,2
875,2020-08-05 15:00:00,1
876,2020-08-06 00:00:00,8326
877,2020-08-06 03:00:00,10
878,2020-08-06 06:00:00,6
879,2020-08-06 09:00:00,4
880,2020-08-07 00:00:00,7584
881,2020-08-07 03:00:00,10
882,2020-08-07 06:00:00,8
883,2020-08-08 00:00:00,2299
884,2020-08-08 03:00:00,9
885,2020-08-08 06:00:00,4
886,2020-08-08 09:00:00,1
887,2020-08-09 00:00:00,1140
888,2020-08-09 03:00:00,5
889,2020-08-09 06:00:00,9
890,2020-08-09 09:00:00,4
891,2020-08-10 00:00:00,8445
892,2020-08-10 03:00:00,17
893,2020-08-10 06:00:00,10
894,2020-08-10 09:00:00,1
895,2020-08-10 15:00:00,1
896,2020-08-11 00:00:00,7696
897,2020-08-11 03:00:00,18
898,2020-08-11 06:00:00,9
899,2020-08-11 09:00:00,1
900,2020-08-11 15:00:00,1
901,2020-08-12 00:00:00,7605
902,2020-08-12 03:00:00,8
903,2020-08-12 09:00:00,2
904,2020-08-12 12:00:00,1
905,2020-08-13 00:00:00,7782
906,2020-08-13 03:00:00,12
907,2020-08-13 06:00:00,7
908,2020-08-13 09:00:00,2
909,2020-08-14 00:00:00,7079
910,2020-08-14 03:00:00,9
911,2020-08-14 06:00:00,1
912,2020-08-14 09:00:00,2
913,2020-08-15 00:00:00,1914
914,2020-08-15 03:00:00,8
915,2020-08-15 06:00:00,8
916,2020-08-15 09:00:00,2
917,2020-08-16 00:00:00,995
918,2020-08-16 03:00:00,9
919,2020-08-16 06:00:00,3
920,2020-08-17 00:00:00,8342
921,2020-08-17 03:00:00,17
922,2020-08-17 06:00:00,9
923,2020-08-17 09:00:00,1
924,2020-08-17 12:00:00,1
925,2020-08-18 00:00:00,8359
926,2020-08-18 03:00:00,10
927,2020-08-18 06:00:00,7
928,2020-08-18 09:00:00,2
929,2020-08-18 12:00:00,1
930,2020-08-18 18:00:00,1
931,2020-08-19 00:00:00,7870
932,2020-08-19 03:00:00,9
933,2020-08-19 06:00:00,4
934,2020-08-19 09:00:00,1
935,2020-08-19 12:00:00,1
936,2020-08-20 00:00:00,8140
937,2020-08-20 03:00:00,11
938,2020-08-20 06:00:00,9
939,2020-08-20 09:00:00,3
940,2020-08-20 12:00:00,1
941,2020-08-21 00:00:00,7710
942,2020-08-21 03:00:00,10
943,2020-08-21 06:00:00,6
944,2020-08-21 09:00:00,1
945,2020-08-21 18:00:00,1
946,2020-08-22 00:00:00,2097
947,2020-08-22 03:00:00,7
948,2020-08-22 06:00:00,2
949,2020-08-22 18:00:00,1
950,2020-08-23 00:00:00,976
951,2020-08-23 03:00:00,12
952,2020-08-23 06:00:00,4
953,2020-08-23 09:00:00,1
954,2020-08-24 00:00:00,7889
955,2020-08-24 03:00:00,15
956,2020-08-24 06:00:00,9
957,2020-08-24 09:00:00,1
958,2020-08-24 12:00:00,1
959,2020-08-25 00:00:00,7673
960,2020-08-25 03:00:00,17
961,2020-08-25 06:00:00,3
962,2020-08-25 09:00:00,2
963,2020-08-26 00:00:00,6634
964,2020-08-26 03:00:00,12
965,2020-08-26 09:00:00,2
966,2020-08-27 00:00:00,7808
967,2020-08-27 03:00:00,15
968,2020-08-27 06:00:00,2
969,2020-08-27 09:00:00,1
970,2020-08-27 12:00:00,1
971,2020-08-28 00:00:00,6077
972,2020-08-28 03:00:00,16
973,2020-08-28 06:00:00,7
974,2020-08-28 12:00:00,1
975,2020-08-29 00:00:00,2640
976,2020-08-29 03:00:00,8
977,2020-08-29 06:00:00,4
978,2020-08-29 12:00:00,2
979,2020-08-30 00:00:00,2502
980,2020-08-30 03:00:00,5
981,2020-08-30 06:00:00,2
982,2020-08-31 00:00:00,7595
983,2020-08-31 03:00:00,10
984,2020-08-31 06:00:00,5
985,2020-08-31 09:00:00,1
986,2020-09-01 00:00:00,8755
987,2020-09-01 03:00:00,7
988,2020-09-01 06:00:00,5
989,2020-09-01 09:00:00,1
990,2020-09-01 15:00:00,1
991,2020-09-02 00:00:00,8634
992,2020-09-02 03:00:00,10
993,2020-09-02 06:00:00,4
994,2020-09-03 00:00:00,8279
995,2020-09-03 03:00:00,8
996,2020-09-03 06:00:00,6
997,2020-09-03 09:00:00,1
998,2020-09-04 00:00:00,6329
999,2020-09-04 03:00:00,9
1000,2020-09-04 06:00:00,6
1001,2020-09-04 09:00:00,3
1002,2020-09-05 00:00:00,1490
1003,2020-09-05 03:00:00,4
1004,2020-09-05 06:00:00,1
1005,2020-09-05 09:00:00,1
1006,2020-09-06 00:00:00,738
1007,2020-09-06 03:00:00,4
1008,2020-09-06 06:00:00,2
1009,2020-09-06 09:00:00,2
1010,2020-09-07 00:00:00,1576
1011,2020-09-07 03:00:00,7
1012,2020-09-07 06:00:00,3
1013,2020-09-07 09:00:00,5
1014,2020-09-08 00:00:00,7131
1015,2020-09-08 03:00:00,18
1016,2020-09-08 06:00:00,4
1017,2020-09-08 09:00:00,1
1018,2020-09-08 12:00:00,1
1019,2020-09-09 00:00:00,6088
1020,2020-09-09 03:00:00,8
1021,2020-09-09 06:00:00,8
1022,2020-09-10 00:00:00,6169
1023,2020-09-10 03:00:00,6
1024,2020-09-10 06:00:00,12
1025,2020-09-10 09:00:00,1
1026,2020-09-11 00:00:00,5373
1027,2020-09-11 03:00:00,6
1028,2020-09-12 00:00:00,1234
1029,2020-09-12 03:00:00,4
1030,2020-09-12 06:00:00,4
1031,2020-09-12 09:00:00,1
1032,2020-09-12 12:00:00,1
1033,2020-09-13 00:00:00,794
1034,2020-09-13 03:00:00,9
1035,2020-09-13 06:00:00,2
1036,2020-09-13 09:00:00,1
1037,2020-09-14 00:00:00,5955
1038,2020-09-14 03:00:00,12
1039,2020-09-14 06:00:00,2
1040,2020-09-14 09:00:00,3
1041,2020-09-15 00:00:00,5295
1042,2020-09-15 03:00:00,9
1043,2020-09-15 06:00:00,5
1044,2020-09-15 09:00:00,1
1045,2020-09-16 00:00:00,6114
1046,2020-09-16 03:00:00,8
1047,2020-09-16 06:00:00,2
1048,2020-09-16 09:00:00,1
1049,2020-09-17 00:00:00,5805
1050,2020-09-17 03:00:00,10
1051,2020-09-17 06:00:00,4
1052,2020-09-17 09:00:00,1
1053,2020-09-17 12:00:00,1
1054,2020-09-18 00:00:00,5515
1055,2020-09-18 03:00:00,13
1056,2020-09-18 06:00:00,2
1057,2020-09-18 09:00:00,1
1058,2020-09-19 00:00:00,1572
1059,2020-09-19 03:00:00,7
1060,2020-09-19 06:00:00,1
1061,2020-09-20 00:00:00,933
1062,2020-09-20 03:00:00,9
1063,2020-09-20 06:00:00,4
1064,2020-09-20 09:00:00,1
1065,2020-09-21 00:00:00,6053
1066,2020-09-21 03:00:00,13
1067,2020-09-21 06:00:00,7
1068,2020-09-21 12:00:00,1
1069,2020-09-22 00:00:00,5666
1070,2020-09-22 03:00:00,8
1071,2020-09-22 06:00:00,2
1072,2020-09-23 00:00:00,5201
1073,2020-09-23 03:00:00,5
1074,2020-09-23 06:00:00,4
1075,2020-09-23 09:00:00,1
1076,2020-09-24 00:00:00,6130
1077,2020-09-24 03:00:00,10
1078,2020-09-24 06:00:00,5
1079,2020-09-24 09:00:00,1
1080,2020-09-24 12:00:00,2
1081,2020-09-25 00:00:00,4966
1082,2020-09-25 03:00:00,11
1083,2020-09-25 06:00:00,2
1084,2020-09-26 00:00:00,1788
1085,2020-09-26 03:00:00,5
1086,2020-09-26 06:00:00,2
1087,2020-09-26 09:00:00,2
1088,2020-09-27 00:00:00,685
1089,2020-09-27 03:00:00,5
1090,2020-09-27 12:00:00,1
1091,2020-09-27 15:00:00,2
1092,2020-09-28 00:00:00,6797
1093,2020-09-28 03:00:00,13
1094,2020-09-28 06:00:00,7
1095,2020-09-28 09:00:00,3
1096,2020-09-29 00:00:00,6223
1097,2020-09-29 03:00:00,7
1098,2020-09-29 06:00:00,1
1099,2020-09-29 09:00:00,2
1100,2020-09-30 00:00:00,6646
1101,2020-09-30 03:00:00,5
1102,2020-09-30 06:00:00,2
1103,2020-09-30 09:00:00,1
1104,2020-10-01 00:00:00,6232
1105,2020-10-01 03:00:00,7
1106,2020-10-01 06:00:00,4
1107,2020-10-01 15:00:00,1
1108,2020-10-02 00:00:00,5922
1109,2020-10-02 03:00:00,8
1110,2020-10-02 06:00:00,3
1111,2020-10-02 09:00:00,1
1112,2020-10-03 00:00:00,1377
1113,2020-10-03 06:00:00,1
1114,2020-10-03 12:00:00,1
1115,2020-10-04 00:00:00,889
1116,2020-10-04 03:00:00,3
1117,2020-10-04 06:00:00,2
1118,2020-10-05 00:00:00,5879
1119,2020-10-05 03:00:00,4
1120,2020-10-06 00:00:00,5460
1121,2020-10-06 03:00:00,10
1122,2020-10-06 06:00:00,3
1123,2020-10-06 09:00:00,1
1124,2020-10-07 00:00:00,5984
1125,2020-10-07 03:00:00,3
1126,2020-10-07 06:00:00,1
1127,2020-10-08 00:00:00,6341
1128,2020-10-08 03:00:00,11
1129,2020-10-08 06:00:00,1
1130,2020-10-09 00:00:00,5576
1131,2020-10-09 03:00:00,5
1132,2020-10-09 06:00:00,4
1133,2020-10-10 00:00:00,1365
1134,2020-10-10 03:00:00,5
1135,2020-10-10 06:00:00,1
1136,2020-10-11 00:00:00,635
1137,2020-10-11 03:00:00,6
1138,2020-10-11 06:00:00,4
1139,2020-10-12 00:00:00,984
1140,2020-10-12 03:00:00,2
1141,2020-10-12 06:00:00,3
1142,2020-10-12 09:00:00,1
1143,2020-10-13 00:00:00,5677
1144,2020-10-13 03:00:00,8
1145,2020-10-13 06:00:00,1
1146,2020-10-13 09:00:00,1
1147,2020-10-13 18:00:00,1
1148,2020-10-14 00:00:00,5644
1149,2020-10-14 03:00:00,5
1150,2020-10-14 06:00:00,3
1151,2020-10-14 09:00:00,1
1152,2020-10-15 00:00:00,5456
1153,2020-10-15 03:00:00,7
1154,2020-10-15 06:00:00,3
1155,2020-10-16 00:00:00,5272
1156,2020-10-16 03:00:00,5
1157,2020-10-16 06:00:00,3
1158,2020-10-17 00:00:00,1723
1159,2020-10-17 03:00:00,3
1160,2020-10-17 06:00:00,2
1161,2020-10-18 00:00:00,817
1162,2020-10-18 03:00:00,5
1163,2020-10-18 06:00:00,2
1164,2020-10-19 00:00:00,6427
1165,2020-10-19 03:00:00,2
1166,2020-10-20 00:00:00,5898
1167,2020-10-20 03:00:00,9
1168,2020-10-20 06:00:00,4
1169,2020-10-21 00:00:00,5949
1170,2020-10-21 03:00:00,6
1171,2020-10-21 06:00:00,4
1172,2020-10-21 09:00:00,1
1173,2020-10-22 00:00:00,5861
1174,2020-10-22 03:00:00,8
1175,2020-10-22 06:00:00,3
1176,2020-10-23 00:00:00,5488
1177,2020-10-23 03:00:00,2
1178,2020-10-23 06:00:00,2
1179,2020-10-24 00:00:00,1829
1180,2020-10-24 03:00:00,1
1181,2020-10-24 06:00:00,4
1182,2020-10-25 00:00:00,842
1183,2020-10-25 03:00:00,1
1184,2020-10-25 06:00:00,1
1185,2020-10-26 00:00:00,6701
1186,2020-10-26 03:00:00,2
1187,2020-10-26 06:00:00,2
1188,2020-10-27 00:00:00,6524
1189,2020-10-27 03:00:00,4
1190,2020-10-27 06:00:00,2
1191,2020-10-27 12:00:00,1
1192,2020-10-28 00:00:00,4740
1193,2020-10-28 03:00:00,5
1194,2020-10-28 09:00:00,1
1195,2020-10-29 00:00:00,7017
1196,2020-10-29 03:00:00,3
1197,2020-10-29 06:00:00,4
1198,2020-10-30 00:00:00,5029
1199,2020-10-30 03:00:00,8
1200,2020-10-30 06:00:00,2
1201,2020-10-30 09:00:00,2
1202,2020-10-31 00:00:00,1598
1203,2020-10-31 03:00:00,1
1204,2020-10-31 06:00:00,1
1205,2020-10-31 09:00:00,1
1206,2020-11-01 00:00:00,765
1207,2020-11-01 03:00:00,5
1208,2020-11-01 06:00:00,2
1209,2020-11-02 00:00:00,1509
1210,2020-11-02 03:00:00,1
1211,2020-11-02 06:00:00,2
1212,2020-11-03 00:00:00,7407
1213,2020-11-03 03:00:00,8
1214,2020-11-03 06:00:00,1
1215,2020-11-04 00:00:00,6635
1216,2020-11-04 03:00:00,6
1217,2020-11-04 06:00:00,5
1218,2020-11-05 00:00:00,7156
1219,2020-11-05 03:00:00,4
1220,2020-11-05 06:00:00,5
1221,2020-11-06 00:00:00,6702
1222,2020-11-06 03:00:00,2
1223,2020-11-06 06:00:00,5
1224,2020-11-06 09:00:00,1
1225,2020-11-07 00:00:00,1924
1226,2020-11-07 03:00:00,5
1227,2020-11-07 06:00:00,3
1228,2020-11-08 00:00:00,1212
1229,2020-11-08 03:00:00,6
1230,2020-11-08 12:00:00,1
1231,2020-11-09 00:00:00,7261
1232,2020-11-09 03:00:00,1
1233,2020-11-09 06:00:00,3
1234,2020-11-09 09:00:00,1
1235,2020-11-10 00:00:00,5800
1236,2020-11-10 03:00:00,6
1237,2020-11-10 06:00:00,2
1238,2020-11-10 09:00:00,1
1239,2020-11-11 00:00:00,5422
1240,2020-11-11 03:00:00,3
1241,2020-11-11 06:00:00,2
1242,2020-11-11 09:00:00,1
1243,2020-11-12 00:00:00,5590
1244,2020-11-12 03:00:00,6
1245,2020-11-12 06:00:00,3
1246,2020-11-13 00:00:00,5013
1247,2020-11-13 03:00:00,5
1248,2020-11-13 09:00:00,3
1249,2020-11-14 00:00:00,1625
1250,2020-11-14 03:00:00,3
1251,2020-11-14 06:00:00,4
1252,2020-11-14 09:00:00,4
1253,2020-11-15 00:00:00,737
1254,2020-11-15 03:00:00,6
1255,2020-11-15 06:00:00,2
1256,2020-11-15 18:00:00,1
1257,2020-11-16 00:00:00,4591
1258,2020-11-16 03:00:00,10
1259,2020-11-16 06:00:00,5
1260,2020-11-17 00:00:00,6035
1261,2020-11-17 03:00:00,3
1262,2020-11-17 06:00:00,2
1263,2020-11-18 00:00:00,5985
1264,2020-11-18 03:00:00,8
1265,2020-11-18 06:00:00,3
1266,2020-11-19 00:00:00,5489
1267,2020-11-19 03:00:00,14
1268,2020-11-19 09:00:00,1
1269,2020-11-20 00:00:00,4806
1270,2020-11-20 03:00:00,5
1271,2020-11-20 06:00:00,3
1272,2020-11-21 00:00:00,1801
1273,2020-11-21 03:00:00,1
1274,2020-11-21 06:00:00,3
1275,2020-11-22 00:00:00,994
1276,2020-11-22 03:00:00,5
1277,2020-11-22 06:00:00,2
1278,2020-11-22 12:00:00,1
1279,2020-11-23 00:00:00,6375
1280,2020-11-23 03:00:00,10
1281,2020-11-23 06:00:00,5
1282,2020-11-23 09:00:00,1
1283,2020-11-24 00:00:00,6702
1284,2020-11-24 03:00:00,10
1285,2020-11-24 06:00:00,3
1286,2020-11-24 12:00:00,1
1287,2020-11-25 00:00:00,6557
1288,2020-11-25 03:00:00,7
1289,2020-11-25 06:00:00,2
1290,2020-11-26 00:00:00,6638
1291,2020-11-26 03:00:00,4
1292,2020-11-26 06:00:00,7
1293,2020-11-27 00:00:00,5856
1294,2020-11-27 03:00:00,8
1295,2020-11-27 06:00:00,3
1296,2020-11-27 09:00:00,2
1297,2020-11-28 00:00:00,2008
1298,2020-11-28 03:00:00,6
1299,2020-11-28 09:00:00,1
1300,2020-11-29 00:00:00,873
1301,2020-11-29 03:00:00,4
1302,2020-11-29 06:00:00,2
1303,2020-11-30 00:00:00,6548
1304,2020-11-30 03:00:00,17
1305,2020-11-30 06:00:00,1
1306,2020-11-30 09:00:00,2
1307,2020-12-01 00:00:00,6487
1308,2020-12-01 03:00:00,5
1309,2020-12-01 06:00:00,5
1310,2020-12-02 00:00:00,6266
1311,2020-12-02 03:00:00,13
1312,2020-12-02 06:00:00,1
1313,2020-12-02 09:00:00,1
1314,2020-12-02 12:00:00,3
1315,2020-12-03 00:00:00,6587
1316,2020-12-03 03:00:00,5
1317,2020-12-03 06:00:00,2
1318,2020-12-03 09:00:00,1
1319,2020-12-04 00:00:00,5453
1320,2020-12-04 03:00:00,6
1321,2020-12-04 06:00:00,7
1322,2020-12-05 00:00:00,1846
1323,2020-12-05 03:00:00,6
1324,2020-12-05 06:00:00,1
1325,2020-12-05 09:00:00,2
1326,2020-12-06 00:00:00,969
1327,2020-12-06 03:00:00,2
1328,2020-12-07 00:00:00,6377
1329,2020-12-07 03:00:00,10
1330,2020-12-07 06:00:00,4
1331,2020-12-07 09:00:00,1
1332,2020-12-07 18:00:00,1
1333,2020-12-08 00:00:00,5906
1334,2020-12-08 03:00:00,10
1335,2020-12-08 06:00:00,1
1336,2020-12-08 09:00:00,1
1337,2020-12-09 00:00:00,7199
1338,2020-12-09 03:00:00,6
1339,2020-12-10 00:00:00,7042
1340,2020-12-10 03:00:00,7
1341,2020-12-10 06:00:00,2
1342,2020-12-11 00:00:00,5499
1343,2020-12-11 03:00:00,5
1344,2020-12-11 06:00:00,4
1345,2020-12-11 09:00:00,2
1346,2020-12-12 00:00:00,1791
1347,2020-12-12 03:00:00,8
1348,2020-12-12 06:00:00,3
1349,2020-12-12 09:00:00,3
1350,2020-12-12 18:00:00,1
1351,2020-12-13 00:00:00,968
1352,2020-12-13 03:00:00,6
1353,2020-12-13 06:00:00,1
1354,2020-12-14 00:00:00,6653
1355,2020-12-14 03:00:00,6
1356,2020-12-14 06:00:00,1
1357,2020-12-14 09:00:00,1
1358,2020-12-15 00:00:00,5899
1359,2020-12-15 03:00:00,7
1360,2020-12-15 06:00:00,1
1361,2020-12-15 09:00:00,1
1362,2020-12-15 19:57:20,1
1363,2020-12-16 00:00:00,6009
1364,2020-12-16 03:00:00,5
1365,2020-12-16 06:00:00,3
1366,2020-12-17 00:00:00,5960
1367,2020-12-17 03:00:00,7
1368,2020-12-17 06:00:00,1
1369,2020-12-17 09:00:00,1
1370,2020-12-17 18:54:43,1
1371,2020-12-17 18:55:00,1
1372,2020-12-18 00:00:00,5398
1373,2020-12-18 03:00:00,6
1374,2020-12-18 06:00:00,4
1375,2020-12-18 09:00:00,1
1376,2020-12-18 12:00:00,1
1377,2020-12-18 12:09:10,1
1378,2020-12-19 00:00:00,1820
1379,2020-12-19 03:00:00,4
1380,2020-12-20 00:00:00,1028
1381,2020-12-20 03:00:00,11
1382,2020-12-20 06:00:00,2
1383,2020-12-21 00:00:00,6557
1384,2020-12-21 03:00:00,8
1385,2020-12-21 06:00:00,2
1386,2020-12-22 00:00:00,6000
1387,2020-12-22 03:00:00,4
1388,2020-12-22 06:00:00,3
1389,2020-12-22 12:00:00,1
1390,2020-12-22 21:00:00,1
1391,2020-12-23 00:00:00,5421
1392,2020-12-23 03:00:00,6
1393,2020-12-23 06:00:00,1
1394,2020-12-23 09:00:00,1
1395,2020-12-24 00:00:00,2094
1396,2020-12-24 03:00:00,9
1397,2020-12-24 06:00:00,2
1398,2020-12-25 00:00:00,794
1399,2020-12-25 06:00:00,1
1400,2020-12-25 09:00:00,1
1401,2020-12-26 00:00:00,1463
1402,2020-12-26 03:00:00,8
1403,2020-12-26 06:00:00,1
1404,2020-12-26 09:00:00,1
1405,2020-12-27 00:00:00,891
1406,2020-12-27 03:00:00,4
1407,2020-12-28 00:00:00,5767
1408,2020-12-28 03:00:00,7
1409,2020-12-28 06:00:00,1
1410,2020-12-29 00:00:00,5275
1411,2020-12-29 03:00:00,8
1412,2020-12-29 06:00:00,3
1413,2020-12-30 00:00:00,4383
1414,2020-12-30 03:00:00,5
1415,2020-12-31 00:00:00,1492
1416,2020-12-31 03:00:00,4
1417,2020-12-31 06:00:00,1
1418,2021-01-01 00:00:00,604
1419,2021-01-01 03:00:00,7
1420,2021-01-01 06:00:00,2
1421,2021-01-02 00:00:00,1465
1422,2021-01-02 03:00:00,2
1423,2021-01-02 06:00:00,1
1424,2021-01-03 00:00:00,903
1425,2021-01-03 03:00:00,4
1426,2021-01-04 00:00:00,5579
1427,2021-01-04 03:00:00,3
1428,2021-01-05 00:00:00,4834
1429,2021-01-05 03:00:00,7
1430,2021-01-05 06:00:00,6
1431,2021-01-05 18:00:00,1
1432,2021-01-06 00:00:00,5258
1433,2021-01-06 03:00:00,8
1434,2021-01-06 21:00:00,1
1435,2021-01-07 00:00:00,4846
1436,2021-01-07 03:00:00,3
1437,2021-01-07 21:00:00,1
1438,2021-01-08 00:00:00,4737
1439,2021-01-08 03:00:00,3
1440,2021-01-08 09:00:00,1
1441,2021-01-08 21:00:00,2
1442,2021-01-09 00:00:00,1641
1443,2021-01-09 03:00:00,4
1444,2021-01-09 09:00:00,1
1445,2021-01-10 00:00:00,1098
1446,2021-01-10 03:00:00,6
1447,2021-01-10 06:00:00,1
1448,2021-01-11 00:00:00,6127
1449,2021-01-11 03:00:00,7
1450,2021-01-11 21:00:00,1
1451,2021-01-12 00:00:00,5567
1452,2021-01-12 03:00:00,5
1453,2021-01-12 09:00:00,1
1454,2021-01-12 15:00:00,1
1455,2021-01-13 00:00:00,5819
1456,2021-01-13 03:00:00,3
1457,2021-01-13 12:00:00,1
1458,2021-01-14 00:00:00,5296
1459,2021-01-14 03:00:00,6
1460,2021-01-14 06:00:00,1
1461,2021-01-14 21:00:00,1
1462,2021-01-15 00:00:00,5052
1463,2021-01-15 03:00:00,1
1464,2021-01-15 12:00:00,1
1465,2021-01-15 21:00:00,1
1466,2021-01-16 00:00:00,1920
1467,2021-01-16 03:00:00,3
1468,2021-01-17 00:00:00,1361
1469,2021-01-17 03:00:00,2
1470,2021-01-18 00:00:00,6671
1471,2021-01-18 03:00:00,4
1472,2021-01-18 06:00:00,1
1473,2021-01-19 00:00:00,5569
1474,2021-01-19 03:00:00,4
1475,2021-01-19 06:00:00,1
1476,2021-01-20 00:00:00,4944
1477,2021-01-20 06:00:00,1
1478,2021-01-21 00:00:00,5473
1479,2021-01-21 03:00:00,4
1480,2021-01-21 06:00:00,1
1481,2021-01-22 00:00:00,4122
1482,2021-01-23 00:00:00,1297
1483,2021-01-24 00:00:00,751
1484,2021-01-24 03:00:00,3
1485,2021-01-25 00:00:00,1373
1486,2021-01-26 00:00:00,538
1487,2021-01-27 00:00:00,102
1488,,111372
